Date,Name,Year,Letterboxd URI,Rating
2022-05-02,"Men, Women & Children",2014,https://boxd.it/79Wm,5
2022-05-02,Eternal Sunshine of the Spotless Mind,2004,https://boxd.it/6YK,5
2022-05-02,Donnie Darko,2001,https://boxd.it/2b2A,5
2022-05-02,The Silence of the Lambs,1991,https://boxd.it/2aHW,5
2022-05-02,Life Is Beautiful,1997,https://boxd.it/29Wm,5
2022-05-02,Watchmen,2009,https://boxd.it/1QE4,5
2022-05-02,Sidewalls,2011,https://boxd.it/2EiM,5
2022-05-02,It's Kind of a Funny Story,2010,https://boxd.it/Tfa,5
2022-05-02,The Truman Show,1998,https://boxd.it/18U8,5
2022-05-02,Submarine,2010,https://boxd.it/H4a,5
2022-05-02,The Name of the Rose,1986,https://boxd.it/2aUw,5
2022-05-02,"It's Not Me, I Swear!",2008,https://boxd.it/1H5k,5
2022-05-02,Loser,2000,https://boxd.it/1VKw,5
2022-05-02,Zombieland,2009,https://boxd.it/1En6,5
2022-05-02,The Wolf of Wall Street,2013,https://boxd.it/3C1m,5
2022-05-02,Mr. Nobody,2009,https://boxd.it/1k44,5
2022-05-02,A Beautiful Mind,2001,https://boxd.it/2amk,5
2022-05-02,Inglourious Basterds,2009,https://boxd.it/1JzG,5
2022-05-02,The Young and Prodigious T.S. Spivet,2013,https://boxd.it/4WDi,5
2022-05-02,The Help,2011,https://boxd.it/EDm,5
2022-05-02,Lars and the Real Girl,2007,https://boxd.it/21tG,5
2022-05-02,Psycho,1960,https://boxd.it/2ab2,5
2022-05-02,American Psycho,2000,https://boxd.it/28Vs,5
2022-05-02,City Island,2009,https://boxd.it/1qmy,5
2022-05-02,The Brand New Testament,2015,https://boxd.it/aPMO,5
2022-05-02,Hidden Figures,2016,https://boxd.it/dgS4,5
2022-05-02,Captain Fantastic,2016,https://boxd.it/b2K2,5
2022-05-02,Across the Universe,2007,https://boxd.it/23X4,5
2022-05-02,Mustang,2015,https://boxd.it/baaw,5
2022-05-02,Estômago: A Gastronomic Story,2007,https://boxd.it/2hnO,5
2022-05-02,American Beauty,1999,https://boxd.it/71Y,5
2022-05-02,Get Out,2017,https://boxd.it/eOCm,5
2022-05-02,American History X,1998,https://boxd.it/2bdo,5
2022-05-02,City of God,2002,https://boxd.it/2a2a,5
2022-05-02,Elite Squad,2007,https://boxd.it/20YI,4.5
2022-05-02,Elite Squad: The Enemy Within,2010,https://boxd.it/Jx4,5
2022-05-02,Snowden,2016,https://boxd.it/9CWO,5
2022-05-02,Batman Begins,2005,https://boxd.it/2aIg,5
2022-05-02,Unbreakable,2000,https://boxd.it/1XV2,5
2022-05-02,Your Name.,2016,https://boxd.it/cUqs,5
2022-05-02,The Sixth Sense,1999,https://boxd.it/29Js,5
2022-05-02,The Way He Looks,2014,https://boxd.it/70yA,5
2022-05-02,One Flew Over the Cuckoo's Nest,1975,https://boxd.it/2aeA,5
2022-05-02,The Man from the Future,2011,https://boxd.it/2vkO,5
2022-05-02,The Other Boleyn Girl,2008,https://boxd.it/1Sl4,4.5
2022-05-02,The Man Who Copied,2003,https://boxd.it/10Rg,5
2022-05-02,Uncle Frank,2020,https://boxd.it/nwiQ,5
2022-05-02,Jesus Henry Christ,2011,https://boxd.it/3lUk,5
2022-05-02,O Auto da Compadecida,1999,https://boxd.it/pRBe,5
2022-05-02,Bo Burnham: Inside,2021,https://boxd.it/v2uy,5
2022-05-02,Big Hero 6,2014,https://boxd.it/5rje,5
2022-05-02,Zootopia,2016,https://boxd.it/84xS,5
2022-05-02,Amélie,2001,https://boxd.it/2aUc,5
2022-05-02,Thank You for Smoking,2005,https://boxd.it/1YOc,5
2022-05-02,Kiki's Delivery Service,1989,https://boxd.it/1JAY,5
2022-05-02,(500) Days of Summer,2009,https://boxd.it/1EmM,5
2022-05-02,Pride & Prejudice,2005,https://boxd.it/24u8,5
2022-05-02,Joker,2019,https://boxd.it/h4cS,5
2022-05-02,Inside Out,2015,https://boxd.it/4KHC,5
2022-05-02,Begin Again,2013,https://boxd.it/5Ybs,5
2022-05-02,12 Years a Slave,2013,https://boxd.it/2D2e,5
2022-05-02,Juno,2007,https://boxd.it/210a,5
2022-05-02,Little Nicholas,2009,https://boxd.it/1jCE,5
2022-05-02,V for Vendetta,2005,https://boxd.it/29Ik,5
2022-05-02,Saved!,2004,https://boxd.it/1QCM,5
2022-05-02,Reflections of a Blender,2010,https://boxd.it/4YgA,5
2022-05-02,Never Rarely Sometimes Always,2020,https://boxd.it/lWJk,5
2022-05-02,Don Jon,2013,https://boxd.it/4sdk,5
2022-05-02,The Suicide Shop,2012,https://boxd.it/3VE8,5
2022-05-02,Kingsman: The Secret Service,2014,https://boxd.it/6dxe,5
2022-05-02,Easy A,2010,https://boxd.it/17DK,5
2022-05-02,The Grand Budapest Hotel,2014,https://boxd.it/3ZqO,5
2022-05-02,Rushmore,1998,https://boxd.it/1TAO,5
2022-05-02,The Shawshank Redemption,1994,https://boxd.it/2aHi,5
2022-05-02,Django Unchained,2012,https://boxd.it/2cCk,5
2022-05-02,The Double,2013,https://boxd.it/4DLW,5
2022-05-02,"Angus, Thongs and Perfect Snogging",2008,https://boxd.it/1RpO,5
2022-05-02,Little Miss Sunshine,2006,https://boxd.it/29EW,5
2022-05-02,The Rocky Horror Picture Show,1975,https://boxd.it/1a3q,5
2022-05-02,How to Train Your Dragon,2010,https://boxd.it/1WRy,5
2022-05-02,Isn't It Romantic,2019,https://boxd.it/g1jE,5
2022-05-02,The Skin I Live In,2011,https://boxd.it/99A,5
2022-05-02,Father’s Chair,2012,https://boxd.it/2XMw,4.5
2022-05-02,Silenced,2011,https://boxd.it/2QGG,5
2022-05-02,50/50,2011,https://boxd.it/10Tw,4.5
2022-05-03,Boyhood,2014,https://boxd.it/3178,4
2022-05-03,The Shining,1980,https://boxd.it/29Nu,4
2022-05-03,Seeking a Friend for the End of the World,2012,https://boxd.it/376g,3.5
2022-05-03,X+Y,2014,https://boxd.it/8uC0,2.5
2022-05-03,Kill Bill: Vol. 1,2003,https://boxd.it/70w,3
2022-05-03,Dead Poets Society,1989,https://boxd.it/2aSg,3
2022-05-03,Bridge to Terabithia,2007,https://boxd.it/28YG,2.5
2022-05-03,Two Summers,2002,https://boxd.it/2ufo,2.5
2022-05-03,Fried Green Tomatoes,1991,https://boxd.it/28qY,4
2022-05-03,Thelma & Louise,1991,https://boxd.it/28Ew,4
2022-05-03,Before Sunset,2004,https://boxd.it/2bcg,2
2022-05-03,Hollywood Ending,2002,https://boxd.it/1Y2W,1
2022-05-03,Cashback,2006,https://boxd.it/1Sf6,3
2022-05-03,We Need to Talk About Kevin,2011,https://boxd.it/2pTS,4
2022-05-03,Closer,2004,https://boxd.it/270K,1
2022-05-03,The Holy Girl,2004,https://boxd.it/S12,1
2022-05-03,Into the Wild,2007,https://boxd.it/22m2,4
2022-05-03,The Imitation Game,2014,https://boxd.it/6aig,4
2022-05-03,The Butterfly Effect,2004,https://boxd.it/27M0,2
2022-05-03,Whiplash,2014,https://boxd.it/7bQA,3
2022-05-03,Birdman,2015,https://boxd.it/frqO,2
2022-05-03,Memento,2000,https://boxd.it/2bcK,4
2022-05-03,Inception,2010,https://boxd.it/1skk,4
2022-05-03,Gone Girl,2014,https://boxd.it/6hQu,4.5
2022-05-03,Fight Club,1999,https://boxd.it/2a9q,4.5
2022-05-03,Room,2015,https://boxd.it/7T0y,4
2022-05-03,Contact,1997,https://boxd.it/29OM,4
2022-05-03,I Origins,2014,https://boxd.it/7aRM,1
2022-05-03,Funny Games,2007,https://boxd.it/207a,2
2022-05-03,Trainspotting,1996,https://boxd.it/29XY,4
2022-05-03,Me and Earl and the Dying Girl,2015,https://boxd.it/9SAE,3.5
2022-05-03,Annie Hall,1977,https://boxd.it/29M2,1
2022-05-03,The Virgin Suicides,1999,https://boxd.it/28JG,4
2022-05-03,Ruby Sparks,2012,https://boxd.it/3w9O,2.5
2022-05-03,Charlie Bartlett,2007,https://boxd.it/1ZY8,4
2022-05-03,"Girl, Interrupted",1999,https://boxd.it/25ds,2.5
2022-05-03,Run Lola Run,1998,https://boxd.it/2b8o,3.5
2022-05-03,Antonia's Line,1995,https://boxd.it/29nG,4
2022-05-03,In Time,2011,https://boxd.it/FPS,4
2022-05-03,Struck by Lightning,2012,https://boxd.it/35Hu,3.5
2022-05-03,The Neon Demon,2016,https://boxd.it/9AnW,2
2022-05-03,La La Land,2016,https://boxd.it/a5fa,3.5
2022-05-03,Persepolis,2007,https://boxd.it/27DC,4
2022-05-03,The Color Purple,1985,https://boxd.it/29oO,4
2022-05-03,Y Tu Mamá También,2001,https://boxd.it/28QM,2.5
2022-05-03,20th Century Women,2016,https://boxd.it/bqU6,3
2022-05-03,Boy Erased,2018,https://boxd.it/gWxe,2.5
2022-05-03,Marighella,2019,https://boxd.it/i3RC,4
2022-05-03,The Iron Giant,1999,https://boxd.it/1Wow,3
2022-05-03,Bacurau,2019,https://boxd.it/fSUG,3.5
2022-05-03,Us,2019,https://boxd.it/gnV6,3.5
2022-05-03,The Number 23,2007,https://boxd.it/258C,2
2022-05-03,Mary and Max,2009,https://boxd.it/1y2m,3
2022-05-03,Little Women,2019,https://boxd.it/aSVk,3
2022-05-03,Jojo Rabbit,2019,https://boxd.it/iEBG,4
2022-05-03,Vicky Cristina Barcelona,2008,https://boxd.it/23rW,1
2022-05-03,Ready or Not,2019,https://boxd.it/kOf0,3.5
2022-05-03,Kramer vs. Kramer,1979,https://boxd.it/h0w,4.5
2022-05-03,Candyman,1992,https://boxd.it/1Ys6,3.5
2022-05-03,Heathers,1989,https://boxd.it/26x4,3
2022-05-03,"To Wong Foo, Thanks for Everything! Julie Newmar",1995,https://boxd.it/1ZbK,3.5
2022-05-03,Beetlejuice,1988,https://boxd.it/24QI,3.5
2022-05-03,Atonement,2007,https://boxd.it/24ui,3
2022-05-03,Booksmart,2019,https://boxd.it/igNS,3.5
2022-05-03,The Kissing Booth,2018,https://boxd.it/geR0,0.5
2022-05-03,The Visit,2015,https://boxd.it/9ssO,3
2022-05-03,She's Gotta Have It,1986,https://boxd.it/1quC,3.5
2022-05-03,Youth in Revolt,2009,https://boxd.it/1AK6,2.5
2022-05-03,A Dangerous Method,2011,https://boxd.it/IYo,3
2022-05-03,Late Night,2019,https://boxd.it/iZq0,4
2022-05-03,Margarita with a Straw,2015,https://boxd.it/8Vu8,4
2022-05-03,Real Women Have Curves,2002,https://boxd.it/1lBI,3
2022-05-03,It,2017,https://boxd.it/bC8e,4
2022-05-03,Eighth Grade,2018,https://boxd.it/hDMG,3.5
2022-05-03,Carnage,2011,https://boxd.it/2peU,2
2022-05-03,The Father's Shadow,2018,https://boxd.it/jGCo,2.5
2022-05-03,Hereditary,2018,https://boxd.it/hNVe,4.5
2022-05-03,Under the Silver Lake,2018,https://boxd.it/dSAs,2
2022-05-03,Tattoo,2013,https://boxd.it/6IEK,4
2022-05-03,A Quiet Place,2018,https://boxd.it/fVJQ,3
2022-05-03,Women on the Verge of a Nervous Breakdown,1988,https://boxd.it/24GI,3
2022-05-03,Doctor Sleep,2019,https://boxd.it/i5vI,3
2022-05-03,A Wolf at the Door,2013,https://boxd.it/6nHy,4.5
2022-05-03,Friendly Beast,2017,https://boxd.it/gvzC,3
2022-05-03,You've Got Mail,1998,https://boxd.it/1Yye,3
2022-05-03,Practical Magic,1998,https://boxd.it/21HS,3.5
2022-05-03,The F**k-It List,2020,https://boxd.it/m3uc,1.5
2022-05-03,Don't Blame the Kid,2016,https://boxd.it/cNC2,3.5
2022-05-03,Prisoners,2013,https://boxd.it/4E5i,3.5
2022-05-03,Brainstorm,2000,https://boxd.it/vlo,4.5
2022-05-03,21,2008,https://boxd.it/20BO,3.5
2022-05-03,The Boss,2016,https://boxd.it/awu2,2
2022-05-03,Whip It,2009,https://boxd.it/1A3m,3
2022-05-03,The Voyeurs,2021,https://boxd.it/nZoe,2.5
2022-05-03,Erin Brockovich,2000,https://boxd.it/2al2,4
2022-05-03,The Night Eats the World,2018,https://boxd.it/gmgQ,2
2022-05-03,Malignant,2021,https://boxd.it/mViE,4.5
2022-05-03,Wine Country,2019,https://boxd.it/izJU,3
2022-05-03,Zack Snyder's Justice League,2021,https://boxd.it/tLOk,4.5
2022-05-03,"Good Bye, Lenin!",2003,https://boxd.it/2ayA,4
2022-05-05,Lulli,2021,https://boxd.it/qaoI,2.5
2022-05-05,Everybody's Talking About Jamie,2021,https://boxd.it/n8ha,2
2022-05-05,Elephant,2003,https://boxd.it/287i,4
2022-05-05,The Front Runner,2018,https://boxd.it/h78Y,3
2022-05-05,In Therapy,2009,https://boxd.it/1nKW,5
2022-05-05,The Girl with the Dragon Tattoo,2011,https://boxd.it/2Pa,3.5
2022-05-05,Being the Ricardos,2021,https://boxd.it/iJQc,3
2022-05-05,Call Me by Your Name,2017,https://boxd.it/dYmm,3.5
2022-05-05,Uma Nova Onda de Liberdade: A História do Madame Satã,2015,https://boxd.it/nffU,3.5
2022-05-05,The Final Girls,2015,https://boxd.it/9gv2,2.5
2022-05-05,Fracture,2007,https://boxd.it/220K,3.5
2022-05-05,The House,2022,https://boxd.it/yVza,3
2022-05-05,Escape Room,2019,https://boxd.it/iYlS,4
2022-05-05,Up in the Air,2009,https://boxd.it/1zPY,3
2022-05-05,The Exorcist,1973,https://boxd.it/1Yoo,4
2022-05-05,O Shaolin do Sertão,2016,https://boxd.it/eRYK,3
2022-05-05,Titane,2021,https://boxd.it/nlQC,2
2022-05-05,Annette,2021,https://boxd.it/f0RS,1.5
2022-05-05,The Lighthouse,2019,https://boxd.it/icFU,2.5
2022-05-05,Swallow,2019,https://boxd.it/lA0i,4
2022-05-05,Someday This Pain Will Be Useful to You,2011,https://boxd.it/3gEc,1.5
2022-05-05,What Ever Happened to Baby Jane?,1962,https://boxd.it/1WJE,3.5
2022-05-05,The Exorcism of Emily Rose,2005,https://boxd.it/200I,3
2022-05-05,The Lady Vanishes,1938,https://boxd.it/29ea,3
2022-05-05,The City of Lost Children,1995,https://boxd.it/29k8,1.5
2022-05-05,Side Effects,2013,https://boxd.it/3GA6,3
2022-05-05,Letter Beyond the Walls,2019,https://boxd.it/nszy,4
2022-05-05,Neon Bull,2015,https://boxd.it/a6Ke,3.5
2022-05-05,If Beale Street Could Talk,2018,https://boxd.it/gGhu,3.5
2022-05-05,French Exit,2020,https://boxd.it/m81Y,2.5
2022-05-05,Happy Together,1997,https://boxd.it/1Ha0,2.5
2022-05-05,Host,2020,https://boxd.it/r5O4,4
2022-05-05,Werewolves Within,2021,https://boxd.it/u8fC,2.5
2022-05-05,The Woman,2011,https://boxd.it/3dG,5
2022-05-05,Agora,2009,https://boxd.it/1tVc,3
2022-05-05,Lamb,2021,https://boxd.it/tFwE,1.5
2022-05-05,Bad Education,2004,https://boxd.it/2b2K,3.5
2022-05-05,Ghost Stories,2017,https://boxd.it/fdA6,3
2022-05-05,Batman: The Killing Joke,2016,https://boxd.it/djxe,4
2022-05-05,492: A Man Called Death,2017,https://boxd.it/hfXK,3.5
2022-05-05,Lizzie,2018,https://boxd.it/gqlA,2.5
2022-05-05,The Conductor,2018,https://boxd.it/jKGO,3
2022-05-05,Chungking Express,1994,https://boxd.it/1UDa,3.5
2022-05-05,The Rental,2020,https://boxd.it/lCQ6,2.5
2022-05-05,Searching,2018,https://boxd.it/hDPg,4.5
2022-05-05,The Clovehitch Killer,2018,https://boxd.it/jRjM,3.5
2022-05-05,Diary of a Mad Black Woman,2005,https://boxd.it/1KDE,2.5
2022-05-05,Prayers for the Stolen,2021,https://boxd.it/oZhu,3
2022-05-05,In the Mood for Love,2000,https://boxd.it/29tE,3
2022-05-05,Minari,2020,https://boxd.it/mL9M,3
2022-05-05,Kimi,2022,https://boxd.it/u7LW,3
2022-05-05,The House of the Spirits,1993,https://boxd.it/274i,3.5
2022-05-05,In Fabric,2018,https://boxd.it/h2sY,1.5
2022-05-05,A Girl Walks Home Alone at Night,2014,https://boxd.it/7nZE,3
2022-05-05,Yesterday There Were Strange Things in the Sky,2020,https://boxd.it/jRlo,1.5
2022-05-05,Sunstrokes,2014,https://boxd.it/95ou,2.5
2022-05-05,Barb & Star Go to Vista Del Mar,2021,https://boxd.it/lX9M,2.5
2022-05-05,Lower City,2005,https://boxd.it/208M,3
2022-05-05,Mango Yellow,2002,https://boxd.it/2O12,2.5
2022-05-05,The Batman,2022,https://boxd.it/eDGs,4
2022-05-05,Little Book of Love,1997,https://boxd.it/6pxg,2.5
2022-05-05,Invisible Life,2019,https://boxd.it/k1JU,3.5
2022-05-05,Aquarius,2016,https://boxd.it/d6YQ,3.5
2022-05-05,"Basic Sanitation, the Movie",2007,https://boxd.it/1oC,5
2022-05-05,Legally Blonde,2001,https://boxd.it/1ZNa,4.5
2022-05-05,Scream,1996,https://boxd.it/24EC,5
2022-05-05,The Firm,1993,https://boxd.it/18JY,3
2022-05-05,The Vagina Monologues,2002,https://boxd.it/19qS,3.5
2022-05-05,Stolen Dreams,2009,https://boxd.it/Qbk,3.5
2022-05-05,Mary Shelley,2017,https://boxd.it/aW9u,4
2022-05-05,Drained,2006,https://boxd.it/10LM,2.5
2022-05-05,Macabre,2019,https://boxd.it/nEXs,3
2022-05-05,Villains,2019,https://boxd.it/isnC,4.5
2022-05-05,Barren Lives,1963,https://boxd.it/29uM,2
2022-05-05,I See You,2019,https://boxd.it/j2CS,3
2022-05-05,Drive My Car,2021,https://boxd.it/sv94,3.5
2022-05-05,Final Destination,2000,https://boxd.it/1YrC,2
2022-05-05,The King of Comedy,1982,https://boxd.it/2aJS,3
2022-05-05,"São Paulo, Incorporated",1965,https://boxd.it/2BaA,3.5
2022-05-05,Scream 2,1997,https://boxd.it/24Es,5
2022-05-05,Scream 3,2000,https://boxd.it/24Ei,4
2022-05-05,Scream 4,2011,https://boxd.it/Zmc,3
2022-05-05,Rosemary's Baby,1968,https://boxd.it/29zM,4
2022-05-05,Bingo: The King of the Mornings,2017,https://boxd.it/fcGs,4.5
2022-05-05,White Oleander,2002,https://boxd.it/1UUg,1.5
2022-05-05,Fargo,1996,https://boxd.it/2aHM,4
2022-05-05,Ghostland,2018,https://boxd.it/h5Uw,4.5
2022-05-05,The Graduate,1967,https://boxd.it/18Im,3
2022-05-05,Breakfast at Tiffany's,1961,https://boxd.it/2aYS,3
2022-05-05,Two Rabbits,2012,https://boxd.it/3vdK,2
2022-05-05,Metal Lords,2022,https://boxd.it/rLTA,3
2022-05-05,The Ballad of Buster Scruggs,2018,https://boxd.it/jB2q,2
2022-05-05,All the King's Men,2006,https://boxd.it/28f2,1.5
2022-05-05,Ron's Gone Wrong,2021,https://boxd.it/hlj2,5
2022-05-06,Sound of Metal,2019,https://boxd.it/i7Q4,4.5
2022-05-06,Molly's Game,2017,https://boxd.it/dSl8,3
2022-05-06,30 Minutes or Less,2011,https://boxd.it/bRa,4
2022-05-06,The Art of Self-Defense,2019,https://boxd.it/hf5y,4
2022-05-06,Private Desert,2021,https://boxd.it/wkT4,3
2022-05-08,The House That Jack Built,2018,https://boxd.it/dWO4,3
2022-05-08,Annihilation,2018,https://boxd.it/9yzm,2.5
2022-05-09,The Game,1997,https://boxd.it/26vC,2
2022-05-09,Most Likely to Murder,2018,https://boxd.it/icaC,3
2022-05-10,Sisters,2015,https://boxd.it/7X7I,3.5
2022-05-11,Curiosa,2019,https://boxd.it/hyho,2.5
2022-05-12,The Master,2012,https://boxd.it/2cBG,3.5
2022-05-13,Misbehaviour,2020,https://boxd.it/kPkU,3
2022-05-14,Misery,1990,https://boxd.it/28gY,4
2022-05-16,The Forty-Year-Old Version,2020,https://boxd.it/mYXq,3.5
2022-05-17,Bus 174,2002,https://boxd.it/209q,3.5
2022-05-18,Shiva Baby,2020,https://boxd.it/oIv0,3.5
2022-05-19,Water Lilies,2007,https://boxd.it/1VjK,3
2022-05-20,Scent of a Woman,1992,https://boxd.it/1YAu,4
2022-05-23,Buffaloed,2019,https://boxd.it/jY24,2.5
2022-05-24,Reprise,2006,https://boxd.it/1Sji,3.5
2022-05-25,Volver,2006,https://boxd.it/2aQO,3.5
2022-05-26,Mysterious Skin,2004,https://boxd.it/1UsG,3
2022-05-27,Blue Velvet,1986,https://boxd.it/29BI,3.5
2022-05-28,Old,2021,https://boxd.it/npKI,3.5
2022-05-29,Horse Girl,2020,https://boxd.it/oioi,3
2022-05-29,She Dies Tomorrow,2020,https://boxd.it/oIuG,2
2022-05-30,Scenes from a Marriage,1974,https://boxd.it/4kJC,3
2022-05-30,"Legally Blonde 2: Red, White & Blonde",2003,https://boxd.it/1Wxe,4
2022-05-31,Freaky,2020,https://boxd.it/ka42,2.5
2022-06-01,The Way Way Back,2013,https://boxd.it/4Gwq,4
2022-06-05,Kill Me Please,2015,https://boxd.it/cbcA,2
2022-06-06,Rust,2018,https://boxd.it/hDO8,3.5
2022-06-06,We Have Always Lived in the Castle,2018,https://boxd.it/eujY,3.5
2022-06-07,The Clown,2011,https://boxd.it/2MEc,3.5
2022-06-08,My Friend Dahmer,2017,https://boxd.it/fQ7W,3.5
2022-06-09,Persona,1966,https://boxd.it/29B4,3.5
2022-06-10,The Tale,2018,https://boxd.it/cOkI,4
2022-06-11,Crash,1996,https://boxd.it/29n2,2
2022-06-13,Vivarium,2019,https://boxd.it/gmVE,3.5
2022-06-13,Futuro Beach,2014,https://boxd.it/6Jcs,2.5
2022-06-15,My Left Foot: The Story of Christy Brown,1989,https://boxd.it/1WW4,4
2022-06-16,Irresistible,2020,https://boxd.it/lVwO,2.5
2022-06-19,Dark Places,2015,https://boxd.it/5ylc,3
2022-06-20,The Piano,1993,https://boxd.it/29Kq,3
2022-06-20,Loveling,2018,https://boxd.it/hEv2,3
2022-06-21,The Bélier Family,2014,https://boxd.it/9HYg,2
2022-06-22,Bald Mountain,2013,https://boxd.it/6Jws,3.5
2022-06-23,Bob Spit: We Do Not Like People,2021,https://boxd.it/vmds,3
2022-06-24,Body,2015,https://boxd.it/a8b6,3.5
2022-06-26,Young Adult,2011,https://boxd.it/nn2,3
2022-06-26,Memoirs of a Geisha,2005,https://boxd.it/27TA,3
2022-06-27,Everything Everywhere All at Once,2022,https://boxd.it/jUk4,4.5
2022-06-30,Valentine,2001,https://boxd.it/1UVI,3
2022-07-01,Scarface,1983,https://boxd.it/2b7g,3
2022-07-02,Maids,2001,https://boxd.it/208C,4
2022-07-04,Bowling for Columbine,2002,https://boxd.it/28Ls,3.5
2022-07-05,Friday the 13th,1980,https://boxd.it/24fs,3
2022-07-07,Lovelace,2013,https://boxd.it/2H7W,3.5
2022-07-10,Shame,2011,https://boxd.it/2CxU,2
2022-07-11,It's a Wonderful Life,1946,https://boxd.it/28xA,3.5
2022-07-11,The Craft,1996,https://boxd.it/1Zai,3.5
2022-07-12,CODA,2021,https://boxd.it/tbf4,3.5
2022-07-13,The Orphanage,2007,https://boxd.it/2bfE,4
2022-07-14,Perfect Blue,1997,https://boxd.it/1W7A,4.5
2022-07-15,Friday the 13th Part 2,1981,https://boxd.it/1XXC,3
2022-07-15,Mona Lisa Smile,2003,https://boxd.it/1T0Q,3.5
2022-07-16,The Beautiful Person,2008,https://boxd.it/152W,2
2022-07-19,Zola,2020,https://boxd.it/jEWQ,3.5
2022-07-21,Taxi Driver,1976,https://boxd.it/2b8y,3.5
2022-07-22,Durval Discos,2002,https://boxd.it/2yEs,4
2022-07-23,Widows,2018,https://boxd.it/e6gc,3
2022-07-25,After Darkness,2019,https://boxd.it/eDk2,1.5
2022-07-26,The Black Phone,2021,https://boxd.it/sqFE,4.5
2022-07-27,Anatomy of a Murder,1959,https://boxd.it/2baa,3.5
2022-07-30,A Brighter Summer Day,1991,https://boxd.it/1Luy,2.5
2022-07-30,Share,2019,https://boxd.it/isk4,2
2022-07-31,The Beaver,2011,https://boxd.it/CSa,3
2022-08-01,Xica,1976,https://boxd.it/70Ty,3
2022-08-01,Justice,2004,https://boxd.it/6JSS,3.5
2022-08-02,Hot Pursuit,2015,https://boxd.it/83Vu,3.5
2022-08-04,Chicago,2002,https://boxd.it/28zm,4
2022-08-05,The Boy in the Mirror,2014,https://boxd.it/7tI0,3
2022-08-08,The Snowman,2017,https://boxd.it/cVcc,2
2022-08-08,Malcolm X,1992,https://boxd.it/27WE,3.5
2022-08-09,Beyond the Infinite Two Minutes,2020,https://boxd.it/ujVk,4
2022-08-12,Repulsion,1965,https://boxd.it/1TKu,3
2022-08-13,Hedwig and the Angry Inch,2001,https://boxd.it/1Qfe,4
2022-08-15,Promising Young Woman,2020,https://boxd.it/loRE,5
2022-08-15,Whisky,2004,https://boxd.it/19n0,2.5
2022-08-15,About 12,2014,https://boxd.it/9AHs,2.5
2022-08-15,Man on the Moon,1999,https://boxd.it/281k,4.5
2022-08-15,Halloween,1978,https://boxd.it/2wRu,3.5
2022-08-16,Albert Nobbs,2011,https://boxd.it/2wzg,2.5
2022-08-16,The Pledge,2001,https://boxd.it/22hc,2.5
2022-08-17,Black Sunday,1960,https://boxd.it/1rlG,3
2022-08-18,Cosmos: A Personal Voyage,1980,https://boxd.it/erfu,5
2022-08-18,Son of the South,2020,https://boxd.it/pCJ8,3
2022-08-19,"The Adventures of Priscilla, Queen of the Desert",1994,https://boxd.it/26mg,3.5
2022-08-21,Air Doll,2009,https://boxd.it/1wuS,3
2022-08-21,Relic,2020,https://boxd.it/jEwS,2.5
2022-08-21,Carrie,1976,https://boxd.it/20ZQ,3.5
2022-08-22,North Country,2005,https://boxd.it/1Y10,3
2022-08-22,Love for Sale,2006,https://boxd.it/3jjw,3
2022-08-24,I Confess,1953,https://boxd.it/1lPK,2.5
2022-08-25,Green Room,2015,https://boxd.it/a75m,3
2022-08-25,Respect,2021,https://boxd.it/lPDE,3.5
2022-08-26,Felidae,1994,https://boxd.it/1ZrI,3
2022-08-29,Jim & Andy: The Great Beyond,2017,https://boxd.it/gO36,3.5
2022-08-29,Weathering with You,2019,https://boxd.it/kPxE,3
2022-08-29,Flatland,2007,https://boxd.it/bc6w,2.5
2022-08-31,Shutter,2004,https://boxd.it/1JbY,3.5
2022-09-03,The Art of Loving: Story of Michalina Wislocka,2017,https://boxd.it/fjSA,3.5
2022-09-04,Nope,2022,https://boxd.it/sDCe,3
2022-09-05,The Bar,2017,https://boxd.it/eRT6,1.5
2022-09-05,Boxing Helena,1993,https://boxd.it/1Hm6,3.5
2022-09-05,Rocket Science,2007,https://boxd.it/1QUQ,2.5
2022-09-07,5 Centimeters per Second,2007,https://boxd.it/16G4,2.5
2022-09-08,The Pervert's Guide to Ideology,2012,https://boxd.it/4bOI,2.5
2022-09-08,The Phantom of the Opera,2004,https://boxd.it/1XHu,3
2022-09-09,The Lodge,2019,https://boxd.it/h2c2,4
2022-09-11,The Devil's Knot,2017,https://boxd.it/h0Xq,2.5
2022-09-12,You're Next,2011,https://boxd.it/2WWK,3
2022-09-12,Angels of the Sun,2006,https://boxd.it/171Q,3.5
2022-09-14,Paprika,2006,https://boxd.it/23wW,3.5
2022-09-14,Candyman,2021,https://boxd.it/kHFg,4
2022-09-15,"Crouching Tiger, Hidden Dragon",2000,https://boxd.it/2b1M,3
2022-09-16,Don't Call Me Son,2016,https://boxd.it/djN2,4
2022-09-18,A Nightmare on Elm Street,1984,https://boxd.it/2aw0,3
2022-09-18,Spencer,2021,https://boxd.it/qPMG,2
2022-09-18,Anna Karenina,2012,https://boxd.it/3lyy,3.5
2022-09-19,Get Duked!,2019,https://boxd.it/llgK,4
2022-09-19,The Year My Parents Went on Vacation,2006,https://boxd.it/1O8A,4
2022-09-21,Calibre,2018,https://boxd.it/h0ru,3
2022-09-21,Madame Satã,2002,https://boxd.it/LO2,3.5
2022-09-22,Wild Tales,2014,https://boxd.it/7UmK,4
2022-09-23,Gerald's Game,2017,https://boxd.it/buKa,2
2022-09-26,Under the Skin,2013,https://boxd.it/3mDa,1
2022-09-26,The Nightshifter,2018,https://boxd.it/iH54,3
2022-09-26,Sicilian Ghost Story,2017,https://boxd.it/gaNy,2
2022-09-28,The Notorious Bettie Page,2005,https://boxd.it/1MiI,3
2022-09-29,On Probation,2005,https://boxd.it/2Ivq,3.5
2022-10-02,Wonderstruck,2017,https://boxd.it/dmG4,2
2022-10-03,Lisbela and the Prisoner,2003,https://boxd.it/zdS,4
2022-10-03,Dangerous Liaisons,1988,https://boxd.it/29r4,2.5
2022-10-04,Pixote,1980,https://boxd.it/XCs,4
2022-10-07,Happy as Lazzaro,2018,https://boxd.it/hiVs,2.5
2022-10-08,The Birdcage,1996,https://boxd.it/1UTi,3.5
2022-10-09,The Woman King,2022,https://boxd.it/r9a8,3.5
2022-10-09,Crazy Rich Asians,2018,https://boxd.it/gfnK,3.5
2022-10-10,The Lost Daughter,2021,https://boxd.it/kgww,2
2022-10-10,Chico & Rita,2010,https://boxd.it/6O6,3
2022-10-12,Licorice Pizza,2021,https://boxd.it/qTKY,2.5
2022-10-14,Polisse,2011,https://boxd.it/2rHk,2.5
2022-10-18,Forgotten,2017,https://boxd.it/hAJE,2
2022-10-19,Lilya 4-ever,2002,https://boxd.it/1SyW,3
2022-10-19,Bye Bye Morons,2020,https://boxd.it/oekm,3.5
2022-10-22,Queen & Slim,2019,https://boxd.it/jy4y,4
2022-10-23,I'm Your Man,2021,https://boxd.it/tWcG,2.5
2022-10-24,Sweet Dreams,2016,https://boxd.it/dN2A,2.5
2022-10-24,Dogville,2003,https://boxd.it/2a8W,3
2022-10-26,Men Are from Mars... And That's Where I'm Going!,2014,https://boxd.it/6JbY,3
2022-10-28,The Goddess of Fortune,2019,https://boxd.it/mpzI,2.5
2022-10-29,Antichrist,2009,https://boxd.it/1Inu,3
2022-10-31,Boogie Nights,1997,https://boxd.it/23um,3
2022-10-31,I Know What You Did Last Summer,1997,https://boxd.it/2588,3
2022-11-03,Mars One,2022,https://boxd.it/yoPa,3.5
2022-11-03,Never Let Me Go,2010,https://boxd.it/Xw0,2.5
2022-11-06,[REC],2007,https://boxd.it/20ma,3
2022-11-07,V/H/S,2012,https://boxd.it/2Y1c,3
2022-11-07,Gifted,2017,https://boxd.it/e5dG,3
2022-11-08,Hitchcock,2012,https://boxd.it/3LDa,3
2022-11-08,I Am All Girls,2021,https://boxd.it/v2Ba,2
2022-11-10,What We Do in the Shadows,2014,https://boxd.it/7eQy,3.5
2022-11-10,October Sky,1999,https://boxd.it/1Q7u,4
2022-11-11,The Sessions,2012,https://boxd.it/3NXQ,2.5
2022-11-13,Frequently Asked Questions About Time Travel,2009,https://boxd.it/1Au8,3.5
2022-11-13,Romeo + Juliet,1996,https://boxd.it/2ama,1
2022-11-14,From Hell,2001,https://boxd.it/29FK,3
2022-11-15,Judas and the Black Messiah,2021,https://boxd.it/lsew,3
2022-11-17,Nightmare Alley,2021,https://boxd.it/m0HC,3
2022-11-19,Sideways,2004,https://boxd.it/1Y5c,3
2022-11-21,Wendell & Wild,2022,https://boxd.it/iwtu,2.5
2022-11-21,Scary Stories to Tell in the Dark,2019,https://boxd.it/eJTW,3
2022-11-21,A Fantastic Woman,2017,https://boxd.it/fcGi,2.5
2022-11-21,"Three Billboards Outside Ebbing, Missouri",2017,https://boxd.it/ceBS,4.5
2022-11-23,My Policeman,2022,https://boxd.it/rVmQ,3
2022-11-23,Goodbye Christopher Robin,2017,https://boxd.it/eMZS,3.5
2022-11-25,Blonde,2022,https://boxd.it/9AG0,1
2022-11-26,The Hand That Rocks the Cradle,1992,https://boxd.it/1UFK,3.5
2022-11-27,Happening,2021,https://boxd.it/tRts,3.5
2022-11-27,The Crime of Padre Amaro,2002,https://boxd.it/2aay,2.5
2022-11-28,Walk the Line,2005,https://boxd.it/2bdS,3
2022-11-29,The King's Man,2021,https://boxd.it/h714,3.5
2022-11-30,Barbarian,2022,https://boxd.it/yohi,4
2022-12-01,Palm Springs,2020,https://boxd.it/lCXQ,3.5
2022-12-02,Troop Beverly Hills,1989,https://boxd.it/1B2Y,3.5
2022-12-03,Embrace of the Serpent,2015,https://boxd.it/baba,4
2022-12-03,Fresh,2022,https://boxd.it/tCNi,3.5
2022-12-05,"tick, tick... BOOM!",2021,https://boxd.it/jz2e,3
2022-12-06,Lucy in the Sky,2019,https://boxd.it/bjly,2.5
2022-12-09,The Fearless Vampire Killers,1967,https://boxd.it/25Ri,2.5
2022-12-09,Borat: Cultural Learnings of America for Make Benefit Glorious Nation of Kazakhstan,2006,https://boxd.it/2agQ,2.5
2022-12-09,Nomadland,2020,https://boxd.it/lnRy,3
2022-12-09,Primal Fear,1996,https://boxd.it/28ws,3.5
2022-12-10,Notes on a Scandal,2006,https://boxd.it/28Zu,3.5
2022-12-11,Run Sweetheart Run,2020,https://boxd.it/jo2C,3.5
2022-12-11,Bad Times at the El Royale,2018,https://boxd.it/fSA2,3
2022-12-12,Rain Man,1988,https://boxd.it/2avw,3.5
2022-12-12,The Menu,2022,https://boxd.it/lScm,4
2022-12-14,Waiting to Exhale,1995,https://boxd.it/1jhc,2
2022-12-14,Stoker,2013,https://boxd.it/34S2,2.5
2022-12-15,Rio 2096: A Story of Love and Fury,2013,https://boxd.it/5kIG,3.5
2022-12-19,Red Carpet,2005,https://boxd.it/1xwq,3.5
2022-12-19,The Life Aquatic with Steve Zissou,2004,https://boxd.it/2aqw,3
2022-12-21,The Spectacular Now,2013,https://boxd.it/4VSG,4
2022-12-22,Romy and Michele's High School Reunion,1997,https://boxd.it/1Yf2,2.5
2022-12-23,See How They Run,2022,https://boxd.it/sNVq,3
2022-12-24,Signs,2002,https://boxd.it/26t2,2.5
2022-12-25,The French Dispatch,2021,https://boxd.it/jLP8,3.5
2022-12-25,Amsterdam,2022,https://boxd.it/oJ58,2.5
2022-12-26,Starship Troopers,1997,https://boxd.it/2a7k,4
2022-12-26,I'm Gilda,2016,https://boxd.it/eHMk,3
2022-12-28,The Night House,2020,https://boxd.it/jZze,3.5
2022-12-29,The Clan,2015,https://boxd.it/bQmO,3
2022-12-30,Black Orpheus,1959,https://boxd.it/11PU,3.5
2022-12-31,Wild,2014,https://boxd.it/6KQo,3.5
2023-01-03,A Tale of Two Sisters,2003,https://boxd.it/248m,3
2023-01-06,Dolores Claiborne,1995,https://boxd.it/1SKo,4
2023-01-08,The Raven,2012,https://boxd.it/2twS,3
2023-01-08,The Middle of the World,2003,https://boxd.it/Lzw,3
2023-01-09,20th Century Girl,2022,https://boxd.it/w9ea,3
2023-01-09,Irreversible,2002,https://boxd.it/29as,5
2023-01-10,Supersonic,2016,https://boxd.it/eyzG,3.5
2023-01-10,Oliver Twist,2005,https://boxd.it/2aKG,3.5
2023-01-11,The Gift,2015,https://boxd.it/aJMy,3.5
2023-01-16,Natural Born Killers,1994,https://boxd.it/2aNg,4
2023-01-16,Dr. Bird's Advice for Sad Poets,2021,https://boxd.it/jqca,3
2023-01-18,Triangle,2009,https://boxd.it/1tQG,3
2023-01-20,Sylvie's Love,2020,https://boxd.it/lumi,3
2023-01-23,The Perfection,2018,https://boxd.it/jgxW,3.5
2023-01-23,Unpregnant,2020,https://boxd.it/nrH2,3.5
2023-01-24,X,2022,https://boxd.it/sxVa,3.5
2023-01-26,Drag Me to Hell,2009,https://boxd.it/1Jzw,3
2023-01-27,Where the Crawdads Sing,2022,https://boxd.it/psLS,2.5
2023-01-27,At Midnight I'll Take Your Soul,1964,https://boxd.it/1kje,2.5
2023-01-28,Bo Burnham: The Inside Outtakes,2022,https://boxd.it/C0h2,5
2023-01-30,Puss in Boots: The Last Wish,2022,https://boxd.it/aaie,3.5
2023-01-30,Almost Famous,2000,https://boxd.it/29CQ,4.5
2023-01-30,They Don't Wear Black Tie,1981,https://boxd.it/66nQ,3.5
2023-02-01,Angel-A,2005,https://boxd.it/1UjO,3
2023-02-02,All Hail,2022,https://boxd.it/prVs,3.5
2023-02-03,The Grizzlies,2018,https://boxd.it/jFyg,3.5
2023-02-03,"Ó Paí, Ó: Look at This",2007,https://boxd.it/17ru,4.5
2023-02-05,Knock at the Cabin,2023,https://boxd.it/npL2,2
2023-02-07,Anguish,1987,https://boxd.it/XZ2,3.5
2023-02-08,Terrifier,2016,https://boxd.it/eRzg,3
2023-02-09,Long Way Home,2018,https://boxd.it/jufs,3.5
2023-02-11,Happy Death Day,2017,https://boxd.it/fDz4,3
2023-02-12,The Skeleton Key,2005,https://boxd.it/1XxE,3
2023-02-13,Shithouse,2020,https://boxd.it/nCFc,3.5
2023-02-13,The Returned,2019,https://boxd.it/o4Xe,3
2023-02-14,The Butcher Boy,1997,https://boxd.it/1A3w,3.5
2023-02-15,The Blair Witch Project,1999,https://boxd.it/26ua,3.5
2023-02-16,New Nightmare,1994,https://boxd.it/1TsU,3
2023-02-17,Cecil B. Demented,2000,https://boxd.it/1OA0,3.5
2023-02-19,Good Manners,2017,https://boxd.it/aakY,2.5
2023-02-20,A Fish Called Wanda,1988,https://boxd.it/29YC,4
2023-02-21,Child's Play,1988,https://boxd.it/1VTo,3.5
2023-02-22,Once Bitten,1985,https://boxd.it/1FMc,3
2023-02-22,Fiddler on the Roof,1971,https://boxd.it/1Nle,3.5
2023-02-22,The Kings of Summer,2013,https://boxd.it/4V3e,2.5
2023-02-23,Angel Heart,1987,https://boxd.it/29WG,3
2023-02-24,Midnight Cowboy,1969,https://boxd.it/25Hi,3
2023-02-25,Some Like It Hot,1959,https://boxd.it/2aNA,3
2023-02-27,Hardcore Henry,2015,https://boxd.it/aAIM,3.5
2023-02-27,The Official Story,1985,https://boxd.it/1nS2,3
2023-03-01,Let the Right One In,2008,https://boxd.it/1Qr0,3
2023-03-02,Being John Malkovich,1999,https://boxd.it/2ahu,3.5
2023-03-04,I'm Not There,2007,https://boxd.it/24Ys,2
2023-03-05,Birds of Passage,2018,https://boxd.it/fyVu,2.5
2023-03-05,Scream,2022,https://boxd.it/o0lg,3.5
2023-03-06,Garoto Cósmico,2007,https://boxd.it/75k4,3.5
2023-03-06,La Vie en Rose,2007,https://boxd.it/28OQ,3
2023-03-07,The Hunt,2020,https://boxd.it/iE9i,4
2023-03-08,Bodies Bodies Bodies,2022,https://boxd.it/iRcE,4
2023-03-10,The Maid,2009,https://boxd.it/1ruo,3
2023-03-11,Dial M for Murder,1954,https://boxd.it/2adW,4
2023-03-12,Oculus,2013,https://boxd.it/4W9M,3
2023-03-12,A Dog's Will,2000,https://boxd.it/12u4,5
2023-03-13,Scream VI,2023,https://boxd.it/zdfW,4
2023-03-13,Tokyo Godfathers,2003,https://boxd.it/1Qg2,3.5
2023-03-14,The Good Nurse,2022,https://boxd.it/jIXI,3
2023-03-15,Martyrs,2008,https://boxd.it/1Yqu,2.5
2023-03-16,Waiting for the Hearse,1985,https://boxd.it/1PIa,3.5
2023-03-18,My Life as a Zucchini,2016,https://boxd.it/dL2y,3
2023-03-19,Under the Shadow,2016,https://boxd.it/d1uG,4
2023-03-20,Soft & Quiet,2022,https://boxd.it/zd2o,4
2023-03-24,Master,2022,https://boxd.it/poPm,3
2023-03-25,Why Stop Now?,2012,https://boxd.it/3Wpy,2.5
2023-03-26,Strangers on a Train,1951,https://boxd.it/29tk,3
2023-03-27,Red Eye,2005,https://boxd.it/1TNy,3
2023-03-29,You're Killing Me Susana,2016,https://boxd.it/7SrS,2.5
2023-03-30,House of Wax,2005,https://boxd.it/1XaU,3.5
2023-03-31,M8 - When Death Rescues Life,2019,https://boxd.it/oe3q,3
2023-04-02,Memories of Murder,2003,https://boxd.it/1TSo,3
2023-04-02,The Flowers of War,2011,https://boxd.it/2Evc,3
2023-04-03,Your Place or Mine,2023,https://boxd.it/qizY,3
2023-04-04,Fanny and Alexander,1982,https://boxd.it/22go,2.5
2023-04-04,And They Say I Am the Crazy One,2019,https://boxd.it/nEX8,3.5
2023-04-05,Big Fish,2003,https://boxd.it/2a3M,3.5
2023-04-06,Safety Not Guaranteed,2012,https://boxd.it/2Y3M,3
2023-04-08,The Mist,2007,https://boxd.it/22r2,2.5
2023-04-08,Love Me Forever or Never,1986,https://boxd.it/2AvM,2
2023-04-09,"Jeanne Dielman, 23, quai du Commerce, 1080 Bruxelles",1975,https://boxd.it/T18,1.5
2023-04-11,The Super Mario Bros. Movie,2023,https://boxd.it/i8C8,2.5
2023-04-12,The Autopsy of Jane Doe,2016,https://boxd.it/dUu2,3
2023-04-12,The Kings of the World,2022,https://boxd.it/w0aS,3
2023-04-14,Thirteen,2003,https://boxd.it/1UPK,3.5
2023-04-15,Far from Heaven,2002,https://boxd.it/1VzS,2.5
2023-04-17,White Noise,2022,https://boxd.it/rXgK,1.5
2023-04-17,In the Heights,2021,https://boxd.it/gLhu,3
2023-04-18,The Power of the Dog,2021,https://boxd.it/m99E,3
2023-04-19,Tsotsi,2005,https://boxd.it/29pC,3
2023-04-19,The Distinguished Citizen,2016,https://boxd.it/enGc,3.5
2023-04-20,"Night Is Short, Walk On Girl",2017,https://boxd.it/ffwA,2.5
2023-04-21,Emergency,2022,https://boxd.it/uRui,4
2023-04-23,Tetris,2023,https://boxd.it/rePK,3
2023-04-24,Luck,2022,https://boxd.it/lxxe,1.5
2023-04-24,Three Thousand Years of Longing,2022,https://boxd.it/kmoy,3.5
2023-04-24,Moon,2009,https://boxd.it/1IGQ,2.5
2023-04-25,The Wicker Man,1973,https://boxd.it/1KnG,3.5
2023-04-26,Darkman,1990,https://boxd.it/1YnK,2.5
2023-04-27,Vacancy,2007,https://boxd.it/1WBU,4
2023-04-28,The People Under the Stairs,1991,https://boxd.it/1QMC,4
2023-05-01,I Saw the Devil,2010,https://boxd.it/FaK,3.5
2023-05-01,Fear,1996,https://boxd.it/1W0a,3
2023-05-01,Climax,2018,https://boxd.it/ikvo,4
2023-05-02,The Vanishing,1988,https://boxd.it/1ZTW,2.5
2023-05-03,RoboCop,1987,https://boxd.it/22Wu,3.5
2023-05-03,Moonage Daydream,2022,https://boxd.it/A8Co,3
2023-05-07,Sing Street,2016,https://boxd.it/cOo6,3.5
2023-05-09,Elena,2012,https://boxd.it/51jC,4.5
2023-05-09,In Bruges,2008,https://boxd.it/20n8,3
2023-05-09,The Wrung-Out Man,1980,https://boxd.it/59GE,4
2023-05-10,Camila Jam,2007,https://boxd.it/2nK0,2
2023-05-11,The Nest,2019,https://boxd.it/m8Tc,2
2023-05-14,Belladonna of Sadness,1973,https://boxd.it/2q,3.5
2023-05-14,Mafia Mamma,2023,https://boxd.it/uuqs,4
2023-05-15,Call Jane,2022,https://boxd.it/lioG,3.5
2023-05-15,Bram Stoker's Dracula,1992,https://boxd.it/223a,4.5
2023-05-17,The Devil All the Time,2020,https://boxd.it/i2tY,4
2023-05-17,Tear Along the Dotted Line,2021,https://boxd.it/y2r6,5
2023-05-17,Cha Cha Real Smooth,2022,https://boxd.it/uF8E,4.5
2023-05-17,Sorry to Bother You,2018,https://boxd.it/f21E,4
2023-05-19,Twenty Years Later,1984,https://boxd.it/33Oo,3
2023-05-19,Dread,2009,https://boxd.it/1tA4,2.5
2023-05-23,Little Shop of Horrors,1986,https://boxd.it/1Vqm,3.5
2023-05-24,The Last Supper,1995,https://boxd.it/1RNQ,3.5
2023-05-28,The Handmaiden,2016,https://boxd.it/948A,4.5
2023-05-28,Turning Red,2022,https://boxd.it/ipkq,3.5
2023-05-31,Meenakshi Sundareshwar,2021,https://boxd.it/vfUa,2.5
2023-06-07,The Golden Dream,2013,https://boxd.it/5FkK,4
2023-06-09,Playing,2007,https://boxd.it/33Oe,3.5
2023-06-09,Us and Them,2018,https://boxd.it/ip3a,2
2023-06-10,Cinema Paradiso,1988,https://boxd.it/1UlA,3
2023-06-10,The Colors of the Mountain,2011,https://boxd.it/2Rb0,3.5
2023-06-12,This World Can't Tear Me Down,2023,https://boxd.it/H11u,4
2023-06-13,Inside,2007,https://boxd.it/1QqG,3
2023-06-15,Fake Blonde,2007,https://boxd.it/5eHM,3
2023-06-16,Rachel Getting Married,2008,https://boxd.it/1N30,3
2023-06-16,Death in Buenos Aires,2014,https://boxd.it/9oYc,3
2023-06-18,"Master, a Building in Copacabana",2002,https://boxd.it/gJK,3.5
2023-06-18,EO,2022,https://boxd.it/txhc,3
2023-06-19,Mad Max: Fury Road,2015,https://boxd.it/2DjO,4
2023-06-20,The Method,2005,https://boxd.it/1CuE,2.5
2023-06-22,Passing,2021,https://boxd.it/jKdM,3.5
2023-06-23,Behind the Sun,2001,https://boxd.it/1blU,3
2023-06-26,Argentina 1985,2022,https://boxd.it/qLxM,3.5
2023-06-27,Holy Rollers,2010,https://boxd.it/QwW,3
2023-06-29,Maria Full of Grace,2004,https://boxd.it/2ao6,4
2023-07-01,Romance,2008,https://boxd.it/MFU,3.5
2023-07-02,The One I Love,2014,https://boxd.it/77gy,3.5
2023-07-02,The Rite,2011,https://boxd.it/J7q,3
2023-07-03,The Last Letter from Your Lover,2021,https://boxd.it/nGzM,3
2023-07-05,"O Brother, Where Art Thou?",2000,https://boxd.it/2b3I,2.5
2023-07-07,Afflicted,2013,https://boxd.it/6ipY,4
2023-07-07,The Father,2020,https://boxd.it/m8Ie,4
2023-07-09,Louder Than Bombs,2015,https://boxd.it/4WEK,2
2023-07-10,Along with the Gods: The Two Worlds,2017,https://boxd.it/dVlA,2
2023-07-11,Only Lovers Left Alive,2013,https://boxd.it/4O1U,2.5
2023-07-11,The Lure,2015,https://boxd.it/d3mE,3
2023-07-13,Loverboy,1989,https://boxd.it/1IM0,3
2023-07-13,When Harry Met Sally...,1989,https://boxd.it/29W2,4
2023-07-17,I Lost My Body,2019,https://boxd.it/lAYs,3
2023-07-20,Funeral Parade of Roses,1969,https://boxd.it/28Cg,3
2023-07-21,The Usual Suspects,1995,https://boxd.it/29XE,3.5
2023-07-25,Barbie,2023,https://boxd.it/bCLK,4
2023-07-26,I'm No Longer Here,2019,https://boxd.it/lqSu,3
2023-07-28,Triangle of Sadness,2022,https://boxd.it/hXlq,3.5
2023-07-30,RRR,2022,https://boxd.it/ljDs,4.5
2023-07-31,Oppenheimer,2023,https://boxd.it/wUow,3.5
2023-07-31,The Dreamers,2003,https://boxd.it/28X4,2
2023-08-02,The Departed,2006,https://boxd.it/28MA,4
2023-08-06,Gangubai Kathiawadi,2022,https://boxd.it/oJek,3.5
2023-08-07,But I'm a Cheerleader,1999,https://boxd.it/1CW4,4
2023-08-08,Mr. Kaplan,2014,https://boxd.it/8MGa,3
2023-08-08,Wild Things,1998,https://boxd.it/29Zq,3.5
2023-08-10,You Were Never Really Here,2017,https://boxd.it/dWOS,2.5
2023-08-11,Araby,2017,https://boxd.it/fpKs,3
2023-08-13,Train to Busan,2016,https://boxd.it/dSQU,4
2023-08-16,Cat City,1986,https://boxd.it/f9w,3.5
2023-08-18,"Alice, Sweet Alice",1976,https://boxd.it/1yP4,3
2023-08-20,Hyenas,1992,https://boxd.it/45gg,3.5
2023-08-21,Chef,2014,https://boxd.it/6lCG,3
2023-08-21,Amores Perros,2000,https://boxd.it/2bfu,4
2023-08-25,The Orphanage,2019,https://boxd.it/lxg8,2
2023-08-25,Children of Hotel America,1990,https://boxd.it/5hb0,1.5
2023-08-27,Moscow Square,2001,https://boxd.it/10cM,3
2023-08-28,My Life Without Me,2003,https://boxd.it/710,4
2023-08-28,Talk to Me,2022,https://boxd.it/C6uQ,3.5
2023-08-30,Bille,2018,https://boxd.it/iPTw,4
2023-08-31,The Little Fox,1981,https://boxd.it/1osE,3
2023-08-31,Compliance,2012,https://boxd.it/2XNE,0.5
2023-09-01,Thick Lashes of Lauri Mäntyvaara,2017,https://boxd.it/gNfK,4
2023-09-03,When the Cat Comes,1963,https://boxd.it/JJ0,2
2023-09-04,Holy Motors,2012,https://boxd.it/3wai,1.5
2023-09-04,The Hidden Tiger,2016,https://boxd.it/7Fbs,4
2023-09-05,Where Is the Friend's House?,1987,https://boxd.it/ELg,3.5
2023-09-08,Babysitter,2022,https://boxd.it/sKc8,4
2023-09-08,Story of Women,1988,https://boxd.it/Y3o,3.5
2023-09-08,Aftersun,2022,https://boxd.it/Arw0,5
2023-09-12,Holy Spider,2022,https://boxd.it/xBn2,3
2023-09-13,La Ceremonie,1995,https://boxd.it/287C,3
2023-09-15,Girl Asleep,2015,https://boxd.it/cAG6,3.5
2023-09-16,The Painted Bird,2019,https://boxd.it/h8u2,3.5
2023-09-17,TransSiberian,2008,https://boxd.it/21pO,3.5
2023-09-17,Vortex,2021,https://boxd.it/uoni,3
2023-09-18,Just Mercy,2019,https://boxd.it/iXj2,4
2023-09-18,Always Be My Maybe,2019,https://boxd.it/iB2y,3.5
2023-09-20,The Umbrellas of Cherbourg,1964,https://boxd.it/22fK,2
2023-09-20,Cléo from 5 to 7,1962,https://boxd.it/2agm,2.5
2023-09-20,Melancholia,2011,https://boxd.it/bPI,1.5
2023-09-22,La Haine,1995,https://boxd.it/2as8,3
2023-09-25,Belle de Jour,1967,https://boxd.it/29Uq,3
2023-09-26,Enter the Void,2009,https://boxd.it/1dy2,4
2023-09-26,A Separation,2011,https://boxd.it/gvo,3
2023-09-28,I Have No Idea What I’m Doing With My Life,2013,https://boxd.it/6JBM,4
2023-10-01,Perfume: The Story of a Murderer,2006,https://boxd.it/28LW,3
2023-10-02,The Paperboy,2012,https://boxd.it/2T8i,3
2023-10-04,"Paris, Texas",1984,https://boxd.it/29Ts,3
2023-10-04,10 Things We Should Do Before We Break Up,2020,https://boxd.it/jqZw,3.5
2023-10-06,Blondi,2023,https://boxd.it/B77m,3.5
2023-10-07,Linha de Passe,2008,https://boxd.it/1ZD0,3
2023-10-09,The Internet's Own Boy: The Story of Aaron Swartz,2014,https://boxd.it/7lcA,4
2023-10-10,1408,2007,https://boxd.it/25Vu,3.5
2023-10-11,Southern Belles,2005,https://boxd.it/78K,2
2023-10-22,Nimona,2023,https://boxd.it/Aiyc,4
2023-10-23,Who's Afraid of Virginia Woolf?,1966,https://boxd.it/2atK,2.5
2023-10-24,Comet,2014,https://boxd.it/8r08,3.5
2023-10-25,Absence,2014,https://boxd.it/9rIc,2.5
2023-10-25,The Golden Glove,2019,https://boxd.it/ih9k,3.5
2023-10-26,Gett: The Trial of Viviane Amsalem,2014,https://boxd.it/87Lo,3.5
2023-10-26,"Maré, Our Love Story",2007,https://boxd.it/6W2K,3
2023-10-27,Decalogue VI,1989,https://boxd.it/3WlQ,3.5
2023-10-27,Amour,2012,https://boxd.it/34Q6,3.5
2023-10-28,The Club,2015,https://boxd.it/amQC,4
2023-10-28,Timbuktu,2014,https://boxd.it/7UrK,3.5
2023-10-29,Our Dream,2023,https://boxd.it/zKIW,4
2023-10-30,Incendies,2010,https://boxd.it/Msm,4.5
2023-10-30,Mr & Mme Adelman,2017,https://boxd.it/fjIg,2.5
2023-11-03,The Descent,2005,https://boxd.it/1YNy,3.5
2023-11-04,Bones and All,2022,https://boxd.it/tLd4,2.5
2023-11-08,North by Northwest,1959,https://boxd.it/2aRM,4
2023-11-09,Audition,1999,https://boxd.it/1UHm,3
2023-11-09,Clockwatchers,1997,https://boxd.it/rxg,3.5
2023-11-12,Buffalo '66,1998,https://boxd.it/1YC6,3.5
2023-11-13,No Hard Feelings,2023,https://boxd.it/xouu,3.5
2023-11-13,The Disappearance of Eleanor Rigby: Them,2014,https://boxd.it/4WEq,2
2023-11-16,Andhadhun,2018,https://boxd.it/jtfc,4
2023-11-16,Grave of the Fireflies,1988,https://boxd.it/1RUM,4.5
2023-11-18,What's Eating Gilbert Grape,1993,https://boxd.it/28xg,2.5
2023-11-19,"Red, White & Royal Blue",2023,https://boxd.it/z3iG,3
2023-11-21,There Will Be Blood,2007,https://boxd.it/20Z2,3.5
2023-11-21,Whisper of the Heart,1995,https://boxd.it/17uy,4
2023-11-23,Antônia,2006,https://boxd.it/t0y,4
2023-11-24,The Swallows of Kabul,2019,https://boxd.it/lqOM,3.5
2023-11-26,Five Nights at Freddy's,2023,https://boxd.it/ikHu,1.5
2023-11-28,Showgirls,1995,https://boxd.it/1Vmk,3
2023-11-29,The Jane Austen Book Club,2007,https://boxd.it/22hQ,3
2023-11-30,Sinister,2012,https://boxd.it/2TnW,3.5
2023-12-02,Wind River,2017,https://boxd.it/dR3i,4
2023-12-03,Napoleon,2023,https://boxd.it/shJM,3
2023-12-05,Sissy,2022,https://boxd.it/zd5M,3.5
2023-12-06,After Hours,1985,https://boxd.it/1VfS,3
2023-12-07,The City of Pirates,2018,https://boxd.it/jrNw,3.5
2023-12-07,The Grandmother,2021,https://boxd.it/oDfw,3.5
2023-12-07,The Babadook,2014,https://boxd.it/77xu,4.5
2023-12-09,Somewhere,2010,https://boxd.it/14du,3
2023-12-12,Oldboy,2003,https://boxd.it/29R2,4
2023-12-13,The Evil Dead,1981,https://boxd.it/29Go,3.5
2023-12-14,The Raid,2011,https://boxd.it/3hBy,3
2023-12-15,Coherence,2013,https://boxd.it/6xza,4
2023-12-18,Love and Leashes,2022,https://boxd.it/szB2,3
2023-12-18,Rush,2013,https://boxd.it/3lyS,4
2023-12-20,Paper Moon,1973,https://boxd.it/1Ud2,4
2023-12-20,Zoey's Extraordinary Christmas,2021,https://boxd.it/wTmk,4
2023-12-21,Machuca,2004,https://boxd.it/1SzU,4.5
2023-12-22,Chile '76,2022,https://boxd.it/A9eC,2.5
2023-12-22,"Are You There God? It's Me, Margaret.",2023,https://boxd.it/kiYC,4
2023-12-24,The Devil's Rejects,2005,https://boxd.it/28hC,3
2023-12-25,The Worst Person in the World,2021,https://boxd.it/oyws,4.5
2023-12-25,Manhunter,1986,https://boxd.it/1TOw,2.5
2023-12-26,Beau Is Afraid,2023,https://boxd.it/u2gE,4
2023-12-28,Bug,2006,https://boxd.it/1RN2,2
2023-12-31,My Uncle José,2021,https://boxd.it/vmcO,3
2024-01-01,About My Father,2023,https://boxd.it/vfcC,3.5
2024-01-03,God's Crooked Lines,2022,https://boxd.it/xEUS,4
2024-01-07,A League of Their Own,1992,https://boxd.it/1UdG,3
2024-01-07,Joint Security Area,2000,https://boxd.it/26Ja,3.5
2024-01-08,Imitation of Life,1959,https://boxd.it/1efK,2
2024-01-08,Saltburn,2023,https://boxd.it/z4eg,3.5
2024-01-17,Heavenly Creatures,1994,https://boxd.it/2974,2
2024-01-21,Till Death,2021,https://boxd.it/p3VI,3
2024-01-23,Grandma,2015,https://boxd.it/9V00,4
2024-01-24,Babylon,2022,https://boxd.it/mM02,3.5
2024-01-24,Significant Other,2022,https://boxd.it/y3mc,2
2024-01-24,Podecrer!,2007,https://boxd.it/3I0Y,1.5
2024-01-25,Piggy,2022,https://boxd.it/w05y,2
2024-01-26,The Whale,2022,https://boxd.it/tw4c,3.5
2024-01-27,Smile,2022,https://boxd.it/xjfE,3.5
2024-01-28,Minha Irmã e Eu,2023,https://boxd.it/E9yg,4
2024-01-30,Lady Chatterley's Lover,2022,https://boxd.it/uF8O,4
2024-02-06,Once,2007,https://boxd.it/22GG,3.5
2024-02-11,Ring,1998,https://boxd.it/26tw,3
2024-02-11,Guillermo del Toro's Pinocchio,2022,https://boxd.it/kjMW,3.5
2024-02-12,The Good Lie,2014,https://boxd.it/7l76,3.5
2024-02-13,Me Sinto Bem Com Você,2021,https://boxd.it/vewQ,2.5
2024-02-13,The Devil's Backbone,2001,https://boxd.it/28Li,2
2024-02-14,"What's Up, Doc?",1972,https://boxd.it/21iy,4
2024-02-14,Poor Things,2023,https://boxd.it/tNWU,4.5
2024-02-16,Man in Love,2021,https://boxd.it/u1t8,3
2024-02-20,All That Jazz,1979,https://boxd.it/1JB8,3.5
2024-02-25,The Last Picture Show,1971,https://boxd.it/1weg,2
2024-02-25,Past Lives,2023,https://boxd.it/oNB8,3.5
2024-02-26,Haru,1996,https://boxd.it/7Lo8,3.5
2024-02-26,Amadeus,1984,https://boxd.it/2aH8,3.5
2024-03-05,Arsenic and Old Lace,1944,https://boxd.it/2aRW,3.5
2024-03-08,Boy & the World,2013,https://boxd.it/6CM4,5
2024-03-10,Professor Marston and the Wonder Women,2017,https://boxd.it/eRPS,3.5
2024-03-11,Election,1999,https://boxd.it/1YEc,3.5
2024-03-17,Snatch,2000,https://boxd.it/2b7U,2.5
2024-03-17,Till,2022,https://boxd.it/wfwY,4
2024-03-18,Picnic at Hanging Rock,1975,https://boxd.it/1UQe,2.5
2024-03-20,30 Days of Night,2007,https://boxd.it/24dw,3
2024-03-24,Quest for Fire,1981,https://boxd.it/bRu,3.5
2024-03-25,Orion and the Dark,2024,https://boxd.it/H2TW,4
2024-03-25,Avatar: The Way of Water,2022,https://boxd.it/2E2E,2
2024-03-25,The Love Witch,2016,https://boxd.it/cZie,4
2024-03-26,Only Yesterday,1991,https://boxd.it/1MR4,2.5
2024-03-30,Demons,1985,https://boxd.it/1OTQ,3.5
2024-03-31,Suzume,2022,https://boxd.it/yv7Y,3.5
2024-04-03,The Farewell,2019,https://boxd.it/kIky,3.5
2024-04-05,Polite Society,2023,https://boxd.it/AU9u,4
2024-04-07,Renfield,2023,https://boxd.it/o8vy,3
2024-04-07,Rear Window,1954,https://boxd.it/2a6Q,3.5
2024-04-07,Eduardo and Monica,2020,https://boxd.it/jHZe,3
2024-04-08,Saint Omer,2022,https://boxd.it/yShC,3
2024-04-08,She Said,2022,https://boxd.it/vBaI,3.5
2024-04-09,M3GAN,2022,https://boxd.it/jxmG,3
2024-04-14,Lord of War,2005,https://boxd.it/284y,2
2024-04-14,It Happened One Night,1934,https://boxd.it/25Ng,3
2024-04-14,Adventureland,2009,https://boxd.it/1JTQ,3.5
2024-04-15,Violeta Went to Heaven,2011,https://boxd.it/2OIq,2.5
2024-04-16,Alien Nights,2022,https://boxd.it/o2eQ,2.5
2024-04-17,District B13,2004,https://boxd.it/1XdY,2.5
2024-04-20,District 13: Ultimatum,2009,https://boxd.it/1MoG,3
2024-04-20,The Brainwashing of My Dad,2015,https://boxd.it/drzs,2.5
2024-04-21,Horrible Bosses,2011,https://boxd.it/Ba2,3
2024-04-23,The Women on the 6th Floor,2010,https://boxd.it/naW,3
2024-04-23,M,1931,https://boxd.it/29vq,3.5
2024-04-24,Jerrod Carmichael: Rothaniel,2022,https://boxd.it/zW6A,4
2024-04-25,Seven Samurai,1954,https://boxd.it/2axi,3.5
2024-04-25,Boy 23: The Forgotten Boys of Brazil,2016,https://boxd.it/cUeG,4
2024-04-26,Monsieur Lazhar,2011,https://boxd.it/2IVe,3
2024-04-26,"Turn It Up, It's Rock 'n' Roll",2024,https://boxd.it/CyXm,4
2024-04-27,The Baby of Mâcon,1993,https://boxd.it/23qu,4.5
2024-04-29,Wonka,2023,https://boxd.it/tCQm,4
2024-05-02,An American in Paris,1951,https://boxd.it/26kY,4
2024-05-02,Come and See,1985,https://boxd.it/1w9q,3.5
2024-05-03,Wheel of Fortune and Fantasy,2021,https://boxd.it/tWcm,2
2024-05-03,"Darling, I Am Going Out for Cigarettes and I Will Be Right Back",2011,https://boxd.it/35M0,3.5
2024-05-05,Ikiru,1952,https://boxd.it/251c,3.5
2024-05-06,SPY x FAMILY CODE: White,2023,https://boxd.it/EdkW,4
2024-05-07,The Red Shoes,1948,https://boxd.it/1EXI,3.5
2024-05-08,December,2008,https://boxd.it/2nJm,3
2024-05-10,Musical Chairs,2015,https://boxd.it/bzey,2.5
2024-05-12,Roman Holiday,1953,https://boxd.it/29zW,3.5
2024-05-12,To Be or Not to Be,1942,https://boxd.it/2aTy,4
2024-05-13,Tokyo Story,1953,https://boxd.it/1HuY,2
2024-05-13,Double Indemnity,1944,https://boxd.it/297I,3
2024-05-14,Barbarella,1968,https://boxd.it/20Ba,4
2024-05-14,Rope,1948,https://boxd.it/28yo,3.5
2024-05-16,The Firemen's Ball,1967,https://boxd.it/15Yc,2
2024-05-17,Late Night Shopping,2001,https://boxd.it/1HAs,4
2024-05-20,God's Comedy,1995,https://boxd.it/EJE,1
2024-05-21,Jump Tomorrow,2001,https://boxd.it/1uI4,3.5
2024-05-26,Mulholland Drive,2001,https://boxd.it/297o,4
2024-05-26,Tucker and Dale vs. Evil,2010,https://boxd.it/Mce,4
2024-05-26,A Man Called Ove,2015,https://boxd.it/bHuY,3
2024-05-27,El Infierno,2010,https://boxd.it/yvm,3.5
2024-05-30,Smoke Gets in Your Eyes,2009,https://boxd.it/2PCI,3.5
2024-05-31,Furiosa: A Mad Max Saga,2024,https://boxd.it/tABk,4
2024-05-31,Satanic Panic,2019,https://boxd.it/jEEW,4
2024-06-03,Cell 211,2009,https://boxd.it/1fPa,3
2024-06-03,The Talented Mr. Ripley,1999,https://boxd.it/2924,3.5
2024-06-09,Huesera: The Bone Woman,2022,https://boxd.it/t1J4,3
2024-06-09,Incantation,2022,https://boxd.it/wFiI,4
2024-06-10,Tito and the Birds,2018,https://boxd.it/jcoQ,4
2024-06-15,The Telescope of Time,2014,https://boxd.it/9w6i,3.5
2024-06-17,Hotel Mumbai,2018,https://boxd.it/eGGg,4
2024-06-24,Confessions of a Dangerous Mind,2002,https://boxd.it/23Gi,3
2024-06-24,Evil Dead II,1987,https://boxd.it/29Ge,4
2024-06-30,Verônica,2009,https://boxd.it/MGo,3.5
2024-06-30,Christiane F.,1981,https://boxd.it/1YiA,3.5
2024-06-30,Don't Worry Darling,2022,https://boxd.it/mViu,2.5
2024-07-02,Inside Out 2,2024,https://boxd.it/CFrC,3
2024-07-08,Tank Girl,1995,https://boxd.it/1Zfs,3
2024-07-15,The Lives of Others,2006,https://boxd.it/2a4A,3.5
2024-07-15,Awakenings,1990,https://boxd.it/1USu,3.5
2024-07-21,A History of Violence,2005,https://boxd.it/2bfa,4
2024-07-21,Naked,1993,https://boxd.it/1BT4,2
2024-07-22,The Dangerous Lives of Altar Boys,2002,https://boxd.it/1JBi,3.5
2024-07-29,Godzilla,1954,https://boxd.it/28kc,3.5
2024-07-29,Better Days Ahead,1989,https://boxd.it/5clu,4.5
2024-08-03,Cursed,2005,https://boxd.it/1XiY,3
2024-08-04,Close,2022,https://boxd.it/y4qa,3.5
2024-08-05,Kuch Kuch Hota Hai,1998,https://boxd.it/1SVG,3
2024-08-11,Creep 2,2017,https://boxd.it/dSEO,4
2024-08-11,Creep,2014,https://boxd.it/7l4c,3.5
2024-08-11,Pride,2014,https://boxd.it/6TwM,3.5
2024-08-12,The Watermelon Woman,1996,https://boxd.it/RRc,3.5
2024-08-12,Meet Me in St. Louis,1944,https://boxd.it/29j0,3
2024-08-16,Pacarrete,2019,https://boxd.it/mxPa,4
2024-08-19,Kill Boksoon,2023,https://boxd.it/w53W,2.5
2024-08-23,Brooklyn,2015,https://boxd.it/5bdk,4
2024-08-24,Birth,2004,https://boxd.it/1VvQ,2
2024-08-25,The Fall Guy,2024,https://boxd.it/s0Bm,3
2024-08-26,Four Days in September,1997,https://boxd.it/1Cd4,3.5
2024-08-31,Identity,2003,https://boxd.it/26e2,2.5
2024-09-01,Cruel Intentions,1999,https://boxd.it/29Be,2
2024-09-02,Estomago 2: The Cookfather,2024,https://boxd.it/KxAW,3
2024-09-02,Totally Killer,2023,https://boxd.it/AOpG,3.5
2024-09-08,District 9,2009,https://boxd.it/1Iik,3.5
2024-09-09,"Crazy, Stupid, Love.",2011,https://boxd.it/D9A,4
2024-09-15,Superwho?,2021,https://boxd.it/s1rC,3.5
2024-09-17,Totally F***ed Up,1993,https://boxd.it/1fg0,3
2024-09-17,The Doom Generation,1995,https://boxd.it/1PVe,3.5
2024-09-18,The Pact,2012,https://boxd.it/3K28,3.5
2024-09-18,The Bone Collector,1999,https://boxd.it/1Yzw,3
2024-09-19,The Voices,2014,https://boxd.it/7b3S,2.5
2024-09-19,Dona Flor and Her Two Husbands,1976,https://boxd.it/Xpo,3
2024-09-20,Safe,1995,https://boxd.it/1gKU,2.5
2024-09-20,The Taste of Things,2023,https://boxd.it/Arke,3
2024-09-20,The Zone of Interest,2023,https://boxd.it/gJsA,4
2024-09-21,Bye Bye Brazil,1980,https://boxd.it/Xzo,3
2024-09-21,Hunt for the Wilderpeople,2016,https://boxd.it/cTgG,4
2024-09-22,The Poughkeepsie Tapes,2007,https://boxd.it/162y,4
2024-09-24,Passagrana,2024,https://boxd.it/FyeC,3.5
2024-09-24,Fruitvale Station,2013,https://boxd.it/4VRy,3.5
2024-09-25,Last Night in Soho,2021,https://boxd.it/lbJC,2
2024-09-26,Shin Godzilla,2016,https://boxd.it/a9lm,3
2024-09-26,Adaptation.,2002,https://boxd.it/26mA,3
2024-09-27,Jeepers Creepers,2001,https://boxd.it/1ZAg,2
2024-09-30,Foreign Land,1995,https://boxd.it/lOg,3
2024-10-05,Two Irenes,2017,https://boxd.it/fuE0,3.5
2024-10-06,Confessions,2010,https://boxd.it/uRS,4
2024-10-06,Cherry Falls,2000,https://boxd.it/1RyQ,4.5
2024-10-07,The Guest,2014,https://boxd.it/76RS,2
2024-10-07,3-Iron,2004,https://boxd.it/28WK,2.5
2024-10-14,Música,2024,https://boxd.it/AA9a,3.5
2024-10-20,Madame,2017,https://boxd.it/fSSg,3.5
2024-10-21,Güeros,2014,https://boxd.it/7xYc,3
2024-10-21,American Fiction,2023,https://boxd.it/DYHm,3.5
2024-10-21,Little Forest,2018,https://boxd.it/fYHI,4
2024-10-27,Game Night,2018,https://boxd.it/fRtu,3
2024-10-27,It's What's Inside,2024,https://boxd.it/DOV4,3
2024-10-27,The Bad Guys,2022,https://boxd.it/nkg4,4
2024-10-28,Evil Dead,2013,https://boxd.it/3GPq,3.5
2024-10-29,Bottoms,2023,https://boxd.it/uGf2,4
2024-11-03,Snowpiercer,2013,https://boxd.it/3Icg,2
2024-11-04,May December,2023,https://boxd.it/vEE2,4
2024-11-09,Love Lies Bleeding,2024,https://boxd.it/zN4q,3.5
2024-11-10,The Substance,2024,https://boxd.it/zanS,3.5
2024-11-11,The Hunt,2012,https://boxd.it/3wEC,4
2024-11-11,The Last of the Mohicans,1992,https://boxd.it/1YSo,3
2024-11-16,Missing,2023,https://boxd.it/sS1W,4
2024-11-18,The Summit of the Gods,2021,https://boxd.it/qFIu,3.5
2024-11-18,The Milk of Sorrow,2009,https://boxd.it/1p8A,4
2024-11-20,Pro Dia Nascer Feliz,2006,https://boxd.it/loM,3
2024-11-21,Chasing Amy,1997,https://boxd.it/274W,2.5
2024-11-21,Nanpakal Nerathu Mayakkam,2022,https://boxd.it/x5xO,3.5
2024-11-30,The Apartment,1960,https://boxd.it/2aGE,3
2024-12-01,Wicked,2024,https://boxd.it/e8ME,4
2024-12-01,Long Shot,2019,https://boxd.it/grG0,4
2024-12-02,The Road,2009,https://boxd.it/1CWI,2.5
2024-12-07,Coffee With Cinnamon,2017,https://boxd.it/gQd8,2.5
2024-12-09,Challengers,2024,https://boxd.it/zld0,4
2024-12-15,Look Back,2024,https://boxd.it/LjA6,3.5
2024-12-15,The Watchers,2024,https://boxd.it/F6Rw,2.5
2024-12-16,Emily the Criminal,2022,https://boxd.it/wBOq,4
2024-12-23,Predestination,2014,https://boxd.it/6bJM,2
2024-12-23,Mamma Mia!,2008,https://boxd.it/1Tnq,3.5
2024-12-25,Hit Man,2023,https://boxd.it/ANB2,4
2024-12-27,It's Such a Beautiful Day,2012,https://boxd.it/hCY2,3
2024-12-29,The Exterminating Angel,1962,https://boxd.it/1nRS,3.5
2024-12-29,The Hours,2002,https://boxd.it/2a3s,3
2024-12-30,The Kindergarten Teacher,2018,https://boxd.it/hE3i,2.5
2024-12-30,Malu,2024,https://boxd.it/K5d6,4
2025-01-04,Knitting,2021,https://boxd.it/weQo,4.5
2025-01-05,Charcoal,2022,https://boxd.it/wVge,3
2025-01-05,Cadaver,2020,https://boxd.it/pSAG,2.5
2025-01-06,Property,2022,https://boxd.it/CYsk,3.5
2025-01-13,Raquel 1:1,2022,https://boxd.it/tHHk,2.5
2025-01-14,The Last Unicorn,1982,https://boxd.it/1WXQ,3
2025-01-15,Kids,1995,https://boxd.it/1YUY,4
2025-01-16,Panic Room,2002,https://boxd.it/2490,4
2025-01-16,Revenge,2017,https://boxd.it/gL9g,2.5
2025-01-16,Pieces,1982,https://boxd.it/JEa,3
2025-01-17,My Own Private Hell,2018,https://boxd.it/gTKY,3
2025-01-18,Sick,2022,https://boxd.it/vgBI,4
2025-01-19,Byzantium,2012,https://boxd.it/3v8q,3.5
2025-01-19,Strange Days,1995,https://boxd.it/2aGO,3.5
2025-01-20,She-Devil,1989,https://boxd.it/1UuW,3.5
2025-01-20,Life of Brian,1979,https://boxd.it/2a4q,4
2025-01-31,Sleepover,2004,https://boxd.it/1XAS,4
2025-01-31,Anora,2024,https://boxd.it/Egcw,4.5
2025-02-03,The Book of Delights,2020,https://boxd.it/mqBA,2.5
2025-02-09,Marcel the Shell with Shoes On,2021,https://boxd.it/wMAk,4
2025-02-10,A Real Pain,2024,https://boxd.it/CjNG,3.5
2025-02-10,Stand by Me,1986,https://boxd.it/2aOe,3
2025-02-15,The Peasants,2023,https://boxd.it/rwWa,3
2025-02-17,The Wild Robot,2024,https://boxd.it/IWFy,3.5
2025-02-22,Certified Copy,2010,https://boxd.it/IMW,2
2025-02-22,The Dressmaker,2015,https://boxd.it/9sZy,4
2025-02-23,American Ultra,2015,https://boxd.it/7KXc,3
2025-02-23,Civil War,2024,https://boxd.it/z1jW,4
2025-02-24,Babette's Feast,1987,https://boxd.it/1SYU,3
2025-03-02,Ingrid Goes West,2017,https://boxd.it/evUQ,3.5
2025-03-05,Flipped,2010,https://boxd.it/Tb8,3
2025-03-05,The Smoke Master,2022,https://boxd.it/zREM,2
2025-03-05,The White Ribbon,2009,https://boxd.it/17eU,3
2025-03-06,Excitation,1977,https://boxd.it/5SPG,3
2025-03-08,Candelaria,2017,https://boxd.it/hoIO,4
2025-03-10,The Man of the Year,2003,https://boxd.it/2096,3
2025-03-10,They Cloned Tyrone,2023,https://boxd.it/rE7a,2.5
2025-03-11,The Texas Chain Saw Massacre,1974,https://boxd.it/1lcS,4
2025-03-16,Anatomy of a Fall,2023,https://boxd.it/yuDE,4
2025-03-17,The Teachers' Lounge,2023,https://boxd.it/BINY,4.5
2025-03-22,Watcher,2022,https://boxd.it/uocO,5
2025-03-23,The Night of the Hunter,1955,https://boxd.it/25HW,3
2025-03-23,Network,1976,https://boxd.it/1VqG,3.5
2025-03-24,Flow,2024,https://boxd.it/v1Ei,4
2025-03-24,Yentl,1983,https://boxd.it/1WFs,4
2025-03-27,Body Double,1984,https://boxd.it/1TGW,3
2025-03-31,The Lobster,2015,https://boxd.it/7tnw,2.5
2025-03-31,"Rachel Bloom: Death, Let Me Do My Special",2024,https://boxd.it/QnAE,4
2025-04-04,Oddity,2024,https://boxd.it/K9pg,3.5
2025-04-07,Os Normais: O Filme,2003,https://boxd.it/19bI,3
2025-04-07,All the Women in the World,1966,https://boxd.it/7njS,2.5
2025-04-12,Vengeance,2022,https://boxd.it/pu7U,4
2025-04-14,"Mussum, o Filmis",2023,https://boxd.it/zmLC,3
2025-04-14,Red Rooms,2023,https://boxd.it/ym4c,3.5
2025-04-14,Pearl,2022,https://boxd.it/zPbe,4
2025-04-17,Lisa Frankenstein,2024,https://boxd.it/ByjY,3.5
2025-04-20,Dumb Money,2023,https://boxd.it/tNdU,4
2025-04-22,Bar Esperanza,1983,https://boxd.it/aM4Y,3.5
2025-04-22,A Hard Day,2014,https://boxd.it/85lS,4
2025-04-26,Tangerine,2015,https://boxd.it/9QRe,4
2025-04-27,Conclave,2024,https://boxd.it/AO8q,4
2025-04-27,Ace in the Hole,1951,https://boxd.it/1vXk,4
2025-04-28,Hive,2021,https://boxd.it/tbiM,3.5
2025-05-01,Brick,2005,https://boxd.it/1Z6A,2.5
2025-05-01,"Ó Paí, Ó 2",2023,https://boxd.it/GezC,2
2025-05-02,The Tenant,1976,https://boxd.it/1TKk,3
2025-05-03,A Monster in Paris,2011,https://boxd.it/2Ghc,3
2025-05-04,Chuck Billy and The Marvelous Guava Tree,2024,https://boxd.it/zhi6,3
2025-05-05,The Blackening,2022,https://boxd.it/C6VM,4
2025-05-06,Woman of the Hour,2023,https://boxd.it/vuz2,3.5
2025-05-07,Immaculate,2024,https://boxd.it/Douw,3.5
2025-05-08,The Holdovers,2023,https://boxd.it/vHza,4
2025-05-08,Blink Twice,2024,https://boxd.it/vIOg,3
2025-05-09,The Electrical Life of Louis Wain,2021,https://boxd.it/mRa2,3
2025-05-09,Return to Seoul,2022,https://boxd.it/zXDg,3
2025-05-10,The Fabelmans,2022,https://boxd.it/ugoM,4
2025-05-10,DIVE,2022,https://boxd.it/Dgf4,3.5
2025-05-11,River of Desire,2022,https://boxd.it/sIXm,3.5
2025-05-11,Meu Álbum de Amores,2022,https://boxd.it/yzv6,3
2025-05-12,The Last Duel,2021,https://boxd.it/mQbe,2.5
2025-05-12,Bliss,2019,https://boxd.it/lAok,3.5
2025-05-13,Longlegs,2024,https://boxd.it/KzLM,2.5
2025-05-14,The Order,2024,https://boxd.it/EVrs,3
2025-05-15,MaXXXine,2024,https://boxd.it/CIM4,3.5
2025-05-15,Babygirl,2024,https://boxd.it/Fvai,3
2025-05-15,Manas,2024,https://boxd.it/LPz0,4
2025-05-16,Nickel Boys,2024,https://boxd.it/CStQ,3
2025-05-16,Twins,1999,https://boxd.it/7GVw,3
2025-05-18,The Quartet,1995,https://boxd.it/2fma,4
2025-05-19,Paradise Now,2005,https://boxd.it/2bec,3
2025-05-20,First Reformed,2017,https://boxd.it/go9C,3
2025-05-26,Lilo & Stitch,2025,https://boxd.it/kbUe,3
2025-05-26,That Damned Meat,1985,https://boxd.it/4eu2,2.5
2025-06-01,Garden State,2004,https://boxd.it/2asW,2.5
2025-06-02,The General,1926,https://boxd.it/29co,3
2025-06-02,Toll,2023,https://boxd.it/yQpO,4
2025-06-02,The Night Before,2015,https://boxd.it/9n9W,3
2025-06-09,To Catch a Killer,2023,https://boxd.it/mmKe,3
2025-06-09,Straight Up,2019,https://boxd.it/mhGQ,4.5
2025-06-14,Rio Babilonia,1982,https://boxd.it/4Nu2,3.5
2025-06-18,New Wave,1983,https://boxd.it/4Rvy,4
2025-06-19,Sherlock Jr.,1924,https://boxd.it/298m,4
2025-06-19,When Evil Lurks,2023,https://boxd.it/rXBe,4
2025-06-22,Dead Talents Society,2024,https://boxd.it/C3y6,4
2025-06-23,A Bruddah's Mind,2020,https://boxd.it/oPUc,3.5
2025-06-28,Jacob's Ladder,1990,https://boxd.it/270g,3.5
2025-06-28,Onibaba,1964,https://boxd.it/252a,4
2025-06-30,Dry Ground Burning,2022,https://boxd.it/yY9O,4
2025-07-01,Drop Dead Gorgeous,1999,https://boxd.it/1W8e,3.5
2025-07-03,Watership Down,1978,https://boxd.it/1SYg,2.5
2025-07-03,Carnaval Atlântida,1952,https://boxd.it/5RTi,3.5
2025-07-04,Children of Men,2006,https://boxd.it/1Y2i,3.5
2025-07-06,Howl's Moving Castle,2004,https://boxd.it/23De,3.5
2025-07-07,Sultry,2018,https://boxd.it/hY6c,3
2025-07-08,Dear Comrades!,2020,https://boxd.it/lCs4,3
2025-07-10,Wings,1927,https://boxd.it/1osO,2.5
2025-07-10,28 Days Later,2002,https://boxd.it/2aXU,4
2025-07-11,Entrei em Pânico ao Saber o Que Vocês Fizeram na Sexta-feira 13 do Verão Passado,2001,https://boxd.it/gVKG,4
2025-07-12,Sinners,2025,https://boxd.it/KQMM,4
2025-07-14,My Neighbor Totoro,1988,https://boxd.it/20eA,4
2025-07-14,Divines,2016,https://boxd.it/dLDY,4
2025-07-16,Redeemer,2004,https://boxd.it/2sAk,4
2025-07-17,Sliding Doors,1998,https://boxd.it/1WNG,2
2025-07-21,Nine Queens,2000,https://boxd.it/1HBA,4.5
2025-07-22,Ash Is Purest White,2018,https://boxd.it/fH5C,2.5
2025-07-23,If These Walls Could Talk,1996,https://boxd.it/1cCi,3
2025-07-25,Kiss of the Spider Woman,1985,https://boxd.it/1Tci,3.5
2025-07-25,How to Make Millions Before Grandma Dies,2024,https://boxd.it/FLa4,3.5
2025-07-28,KPop Demon Hunters,2025,https://boxd.it/ufwK,3
2025-07-29,Love & Basketball,2000,https://boxd.it/1Nu6,2.5
2025-07-30,The Omen,1976,https://boxd.it/29By,3.5
2025-07-31,Reflection in a Dead Diamond,2025,https://boxd.it/CjmU,3.5
2025-08-02,Force Majeure,2014,https://boxd.it/7UcA,3.5
2025-08-03,Dr. Gama,2021,https://boxd.it/vQGO,3
2025-08-05,Cursed Love,1984,https://boxd.it/dumm,3
2025-08-06,"4 Months, 3 Weeks and 2 Days",2007,https://boxd.it/27DW,4
2025-08-07,Terrified,2017,https://boxd.it/hCyy,3.5
2025-08-08,I'd Receive the Worst News from Your Beautiful Lips,2011,https://boxd.it/48CE,3.5
2025-08-12,Foxcatcher,2014,https://boxd.it/35Di,2.5
2025-08-13,Flirting,1991,https://boxd.it/2lAs,3
2025-08-14,Son of the Bride,2001,https://boxd.it/1F58,4
2025-08-15,Vicious Fun,2020,https://boxd.it/riV8,3
2025-08-24,Pleasantville,1998,https://boxd.it/26uY,3
2025-08-24,Phone Booth,2002,https://boxd.it/285G,3.5
2025-08-25,Meiyazhagan,2024,https://boxd.it/GYue,4
2025-08-26,The Nutty Boy,1995,https://boxd.it/BXe,4
2025-08-27,The Bad Guys 2,2025,https://boxd.it/IAI6,4
2025-08-28,Entrei em Pânico ao Saber o Que Vocês Fizeram na Sexta-Feira 13 do Verão Passado - Parte 2: A Hora da Volta da Vingança dos Jogos Mortais de Halloween,2011,https://boxd.it/gV2E,3.5
2025-08-29,Rend Your Heart,2018,https://boxd.it/kkcK,4
2025-09-02,Proof,2005,https://boxd.it/1XPI,3
2025-09-03,Duck Season,2004,https://boxd.it/1e8O,2.5
2025-09-04,The Blue Trail,2025,https://boxd.it/IrKi,4
2025-09-05,The Clown's Daughter,2022,https://boxd.it/CQFU,3.5
2025-09-06,After Lucia,2012,https://boxd.it/491O,4
2025-09-07,Braindead,1992,https://boxd.it/29Gy,4.5
2025-09-08,Ernest & Celestine,2012,https://boxd.it/493A,4.5
2025-09-10,Hard Labor,2011,https://boxd.it/3km2,3.5
2025-09-11,My Uncle Killed a Guy,2004,https://boxd.it/2GVw,4
2025-09-12,12th Fail,2023,https://boxd.it/I1sM,2.5
2025-09-14,Unknown Number: The High School Catfish,2025,https://boxd.it/WtQq,2
2025-09-14,When Marnie Was There,2014,https://boxd.it/78pm,4.5
2025-09-16,Half Nelson,2006,https://boxd.it/20Ng,3.5
2025-09-17,The House of the Devil,2009,https://boxd.it/1uIe,3
2025-09-19,The Day I Met You,2023,https://boxd.it/IBKM,3.5
2025-09-22,The Secret World of Arrietty,2010,https://boxd.it/AF4,4
2025-09-23,Radical,2023,https://boxd.it/E37o,4.5
2025-09-24,Saturday Night,2024,https://boxd.it/Gpfo,3
2025-09-25,The Village,2004,https://boxd.it/21iS,3
2025-09-28,The Invisible Guest,2016,https://boxd.it/euce,4
2025-09-28,I'm Still Here,2024,https://boxd.it/BPEO,4
2025-09-30,"sex, lies, and videotape",1989,https://boxd.it/28Oc,5
2025-09-30,Late Night with the Devil,2023,https://boxd.it/zo6G,2.5
